{
  "Routes": [
    {
      "DownstreamPathTemplate": "/api/orders/{everything}",
      "DownstreamScheme": "http",
      "DownstreamHostAndPorts": [
        {
          "Host": "sales",
          "Port": 80
        }
      ],
      "UpstreamPathTemplate": "/api/orders/{everything}",
      "UpstreamHttpMethod": [
        "POST",
        "GET",
        "PUT",
        "DELETE"
      ]
    },
    {
      "DownstreamPathTemplate": "/api/products/{everything}",
      "DownstreamScheme": "http",
      "DownstreamHostAndPorts": [
        {
          "Host": "inventory",
          "Port": 80
        }
      ],
      "UpstreamPathTemplate": "/api/products/{everything}",
      "UpstreamHttpMethod": [
        "GET",
        "POST",
        "PUT",
        "DELETE"
      ]
    }
  ],
  "GlobalConfiguration": {
    "RequestIdKey": "OcRequestId"
  }
}